{"PlayerPosition":{"x":-2.8054614067077638,"y":4.611114025115967,"z":6.752552509307861},"health":12.20000171661377,"equippedAmmo":871}