{"PlayerPosition":{"x":2.87471866607666,"y":0.05181652307510376,"z":-3.66829776763916},"health":17.400001525878908,"equippedAmmo":10}